<?xml version="1.0" encoding="UTF-8"?>
<actions>
        <action>
            <actionName>run</actionName>
            <goals>
                <goal>process-classes</goal>
                <goal>org.codehaus.mojo:exec-maven-plugin:1.1:exec</goal>
            </goals>
            <properties>
                <exec.args>-classpath %classpath jsyntaxpane.SyntaxTester</exec.args>
                <exec.executable>java</exec.executable>
            </properties>
        </action>
        <action>
            <actionName>debug</actionName>
            <goals>
                <goal>process-classes</goal>
                <goal>org.codehaus.mojo:exec-maven-plugin:1.1:exec</goal>
            </goals>
            <properties>
                <exec.args>-Xdebug -Djava.compiler=none -Xnoagent -Xrunjdwp:transport=dt_socket,server=n,address=${jpda.address} -classpath %classpath jsyntaxpane.SyntaxTester</exec.args>
                <jpda.listen>true</jpda.listen>
                <exec.executable>java</exec.executable>
            </properties>
        </action>
        <action>
            <actionName>profile</actionName>
            <packagings>
                <packaging>jar</packaging>
            </packagings>
            <goals>
                <goal>process-classes</goal>
                <goal>org.codehaus.mojo:exec-maven-plugin:1.1:exec</goal>
            </goals>
            <properties>
                <exec.args>${profiler.args} -classpath %classpath jsyntaxpane.SyntaxTester</exec.args>
                <profiler.action>profile</profiler.action>
                <exec.executable>${profiler.java}</exec.executable>
            </properties>
        </action>
    </actions>
